<?xml version="1.0" encoding="UTF-8" ?>
<!-- Generated by Oracle SOA Modeler version 1.0 at [9/24/11 11:08 AM]. -->
<composite name="MiscMappings"
           revision="1.0"
           label="2011-09-24_11-08-11_378"
           mode="active"
           state="on"
           xmlns="http://xmlns.oracle.com/sca/1.0"
           xmlns:xs="http://www.w3.org/2001/XMLSchema"
           xmlns:wsp="http://schemas.xmlsoap.org/ws/2004/09/policy"
           xmlns:orawsp="http://schemas.oracle.com/ws/2006/01/policy"
           xmlns:ui="http://xmlns.oracle.com/soa/designer/">
  <import namespace="http://xmlns.oracle.com/SOACookbookMapping/MiscMappings/MappingBPELProcess"
          location="MappingBPELProcess.wsdl" importType="wsdl"/>
  <service name="MappingDemoService_ep"
           ui:wsdlLocation="MappingBPELProcess.wsdl">
    <interface.wsdl interface="http://xmlns.oracle.com/SOACookbookMapping/MiscMappings/MappingBPELProcess#wsdl.interface(MappingBPELProcess)"/>
    <binding.ws port="http://xmlns.oracle.com/SOACookbookMapping/MiscMappings/MappingBPELProcess#wsdl.endpoint(MappingDemoService_ep/MappingBPELProcess_pt)"/>
  </service>
  <component name="MappingBPELProcess" version="1.1">
    <implementation.bpel src="MappingBPELProcess.bpel"/>
  </component>
  <wire>
    <source.uri>MappingDemoService_ep</source.uri>
    <target.uri>MappingBPELProcess/MappingDemoService</target.uri>
  </wire>
</composite>
