<?xml version="1.0" encoding="UTF-8" ?>
<!-- Generated by Oracle SOA Modeler version 1.0 at [1/9/12 10:17 PM]. -->
<composite name="RollbackTest"
           revision="1.0"
           label="2012-01-09_22-17-51_278"
           mode="active"
           state="on"
           xmlns="http://xmlns.oracle.com/sca/1.0"
           xmlns:xs="http://www.w3.org/2001/XMLSchema"
           xmlns:wsp="http://schemas.xmlsoap.org/ws/2004/09/policy"
           xmlns:orawsp="http://schemas.oracle.com/ws/2006/01/policy"
           xmlns:ui="http://xmlns.oracle.com/soa/designer/">
  <import namespace="http://xmlns.oracle.com/SOACookbookTransaction/RollbackTest/RollbackBPELProcess"
          location="RollbackBPELProcess.wsdl" importType="wsdl"/>
  <import namespace="http://xmlns.oracle.com/pcbpel/adapter/db/SOACookbookTransaction/RollbackTest/DatabaseWriteService"
          location="DatabaseWriteService.wsdl" importType="wsdl"/>
  <service name="rollbackbpelprocess_client_ep"
           ui:wsdlLocation="RollbackBPELProcess.wsdl">
    <interface.wsdl interface="http://xmlns.oracle.com/SOACookbookTransaction/RollbackTest/RollbackBPELProcess#wsdl.interface(RollbackBPELProcess)"/>
    <binding.ws port="http://xmlns.oracle.com/SOACookbookTransaction/RollbackTest/RollbackBPELProcess#wsdl.endpoint(rollbackbpelprocess_client_ep/RollbackBPELProcess_pt)"/>
  </service>
  <component name="RollbackBPELProcess" version="1.1">
    <implementation.bpel src="RollbackBPELProcess.bpel"/>
  </component>
  <component name="XARollbackBPELProcess" version="1.1">
    <implementation.bpel src="RollbackBPELProcess.bpel"/>
    <property name="bpel.config.transaction" many="false" type="xs:string">required</property>
  </component>
  <component name="TextXABPELProcess" version="1.1">
    <implementation.bpel src="TextXABPELProcess.bpel"/>
  </component>
  <reference name="DatabaseWriteService"
             ui:wsdlLocation="DatabaseWriteService.wsdl">
    <interface.wsdl interface="http://xmlns.oracle.com/pcbpel/adapter/db/SOACookbookTransaction/RollbackTest/DatabaseWriteService#wsdl.interface(DatabaseWriteService_ptt)"/>
    <binding.jca config="DatabaseWriteService_db.jca"/>
    <property name="jca.retry.count" type="xs:int" many="false" override="may">4</property>
    <property name="jca.retry.interval" type="xs:int" many="false"
              override="may">1</property>
    <property name="jca.retry.backoff" type="xs:int" many="false"
              override="may">2</property>
    <property name="jca.retry.maxInterval" type="xs:string" many="false"
              override="may">120</property>
  </reference>
  <wire>
    <source.uri>RollbackBPELProcess/DatabaseWriteService</source.uri>
    <target.uri>DatabaseWriteService</target.uri>
  </wire>
  <wire>
    <source.uri>XARollbackBPELProcess/DatabaseWriteService</source.uri>
    <target.uri>DatabaseWriteService</target.uri>
  </wire>
  <wire>
    <source.uri>rollbackbpelprocess_client_ep</source.uri>
    <target.uri>TextXABPELProcess/textxabpelprocess_client</target.uri>
  </wire>
  <wire>
    <source.uri>TextXABPELProcess/XARollbackBPELProcess.rollbackbpelprocess_client</source.uri>
    <target.uri>XARollbackBPELProcess/rollbackbpelprocess_client</target.uri>
  </wire>
  <wire>
    <source.uri>TextXABPELProcess/RollbackBPELProcess.rollbackbpelprocess_client</source.uri>
    <target.uri>RollbackBPELProcess/rollbackbpelprocess_client</target.uri>
  </wire>
</composite>
