<?xml version="1.0" encoding="UTF-8" ?>
<!-- Generated by Oracle SOA Modeler version 1.0 at [6/20/12 3:41 PM]. -->
<composite name="EchoClientComposite"
           revision="1.0"
           label="2012-06-20_15-41-33_849"
           mode="active"
           state="on"
           xmlns="http://xmlns.oracle.com/sca/1.0"
           xmlns:xs="http://www.w3.org/2001/XMLSchema"
           xmlns:wsp="http://schemas.xmlsoap.org/ws/2004/09/policy"
           xmlns:orawsp="http://schemas.oracle.com/ws/2006/01/policy"
           xmlns:ui="http://xmlns.oracle.com/soa/designer/">
  <import namespace="http://xmlns.oracle.com/SOACookbookManagement/EchoClientComposite/EchoClientBPELProcess"
          location="EchoClientBPELProcess.wsdl" importType="wsdl"/>
  <import namespace="http://xmlns.oracle.com/SOACookbookManagement/EchoComposite/EchoBPELProcess"
          location="http://soavbox.oracle.com:7001/soa-infra/services/default/EchoComposite/EchoBPELProcess.wsdl"
          importType="wsdl"/>
  <service name="echoclientbpelprocess_client_ep"
           ui:wsdlLocation="EchoClientBPELProcess.wsdl">
    <interface.wsdl interface="http://xmlns.oracle.com/SOACookbookManagement/EchoClientComposite/EchoClientBPELProcess#wsdl.interface(EchoClientBPELProcess)"/>
    <binding.ws port="http://xmlns.oracle.com/SOACookbookManagement/EchoClientComposite/EchoClientBPELProcess#wsdl.endpoint(echoclientbpelprocess_client_ep/EchoClientBPELProcess_pt)"/>
  </service>
  <component name="EchoClientBPELProcess" version="2.0">
    <implementation.bpel src="EchoClientBPELProcess.bpel"/>
    <property name="bpel.config.transaction" type="xs:string" many="false">required</property>
    <property name="configuration.monitorLocation" type="xs:string"
              many="false">EchoClientBPELProcess.monitor</property>
  </component>
  <reference name="EchoService"
             ui:wsdlLocation="http://soavbox.oracle.com:7001/soa-infra/services/default/EchoComposite/EchoBPELProcess.wsdl">
    <interface.wsdl interface="http://xmlns.oracle.com/SOACookbookManagement/EchoComposite/EchoBPELProcess#wsdl.interface(EchoBPELProcess)"/>
    <binding.ws port="http://xmlns.oracle.com/SOACookbookManagement/EchoComposite/EchoBPELProcess#wsdl.endpoint(echobpelprocess_client_ep/EchoBPELProcess_pt)"
                location="http://soavbox.oracle.com:7001/soa-infra/services/default/EchoComposite/echobpelprocess_client_ep?WSDL"
                soapVersion="1.1">
      <property name="weblogic.wsee.wsat.transaction.flowOption"
                type="xs:string" many="false">WSDLDriven</property>
    </binding.ws>
  </reference>
  <reference name="EchoDirectService"
             ui:wsdlLocation="http://soavbox.oracle.com:7001/soa-infra/services/default/EchoComposite/EchoBPELProcess.wsdl">
    <interface.wsdl interface="http://xmlns.oracle.com/SOACookbookManagement/EchoComposite/EchoBPELProcess#wsdl.interface(EchoBPELProcess)"/>
    <binding.direct address="soadirect:/default/EchoComposite!1.0/echobpelprocessdirect_client"
                    connection-factory="oracle.soa.api.JNDIDirectConnectionFactory"
                    useLocalJNDIProvider="true">
      <property name="java.naming.provider.url">t3://soavbox.oracle.com:7001</property>
    </binding.direct>
  </reference>
  <wire>
    <source.uri>echoclientbpelprocess_client_ep</source.uri>
    <target.uri>EchoClientBPELProcess/echoclientbpelprocess_client</target.uri>
  </wire>
  <wire>
    <source.uri>EchoClientBPELProcess/EchoService</source.uri>
    <target.uri>EchoService</target.uri>
  </wire>
  <wire>
    <source.uri>EchoClientBPELProcess/EchoDirectService</source.uri>
    <target.uri>EchoDirectService</target.uri>
  </wire>
</composite>
