<?xml version="1.0" encoding="UTF-8" ?>
<!-- Generated by Oracle SOA Modeler version 1.0 at [14/08/12 4:51 PM]. -->
<composite name="StockService"
           revision="1.0"
           label="2012-08-14_16-51-27_171"
           mode="active"
           state="on"
           xmlns="http://xmlns.oracle.com/sca/1.0"
           xmlns:xs="http://www.w3.org/2001/XMLSchema"
           xmlns:wsp="http://schemas.xmlsoap.org/ws/2004/09/policy"
           xmlns:orawsp="http://schemas.oracle.com/ws/2006/01/policy"
           xmlns:ui="http://xmlns.oracle.com/soa/designer/">
  <import namespace="http://rubiconred.com/ckbk/svc/StockService"
          location="StockService_1.0Wrapper.wsdl" importType="wsdl"/>
  <service name="stockservice_client_ep"
           ui:wsdlLocation="StockService_1.0Wrapper.wsdl">
    <interface.wsdl interface="http://rubiconred.com/ckbk/svc/StockService#wsdl.interface(StockService)"/>
    <binding.ws port="http://rubiconred.com/ckbk/svc/StockService#wsdl.endpoint(stockservice_client_ep/StockService_pt)"/>
  </service>
  <component name="StockService" version="1.1">
    <implementation.bpel src="StockService.bpel"/>
    <property name="bpel.config.oneWayDeliveryPolicy" type="xs:string"
              many="false">async.persist</property>
  </component>
  <wire>
    <source.uri>stockservice_client_ep</source.uri>
    <target.uri>StockService/stockservice_client</target.uri>
  </wire>
</composite>
