<?xml version="1.0" encoding="UTF-8" ?>
<!-- Generated by Oracle SOA Modeler version 1.0 at [4/22/12 6:22 PM]. -->
<composite name="PublisherACME"
           revision="1.0"
           label="2012-04-22_18-22-47_372"
           mode="active"
           state="on"
           xmlns="http://xmlns.oracle.com/sca/1.0"
           xmlns:xs="http://www.w3.org/2001/XMLSchema"
           xmlns:wsp="http://schemas.xmlsoap.org/ws/2004/09/policy"
           xmlns:orawsp="http://schemas.oracle.com/ws/2006/01/policy"
           xmlns:ui="http://xmlns.oracle.com/soa/designer/">
  <import namespace="http://rubiconred.com/ckbk/svc/PublisherService"
          location="PublisherService_1.0Wrapper.wsdl" importType="wsdl"/>
  <service name="publisheracme_client_ep"
           ui:wsdlLocation="PublisherService_1.0Wrapper.wsdl">
    <interface.wsdl interface="http://rubiconred.com/ckbk/svc/PublisherService#wsdl.interface(PublisherService)"/>
    <binding.ws port="http://rubiconred.com/ckbk/svc/PublisherService#wsdl.endpoint(publisheracme_client_ep/PublisherService_pt)"/>
  </service>
  <component name="PublisherAcme" version="2.0">
    <implementation.bpel src="PublisherAcme.bpel"/>
    <property name="bpel.config.transaction" type="xs:string" many="false">required</property>
    <property name="bpel.config.oneWayDeliveryPolicy" type="xs:string"
              many="false">async.persist</property>
  </component>
  <wire>
    <source.uri>publisheracme_client_ep</source.uri>
    <target.uri>PublisherAcme/publisheracme_client</target.uri>
  </wire>
</composite>
