<?xml version="1.0" encoding="UTF-8" ?>
<!-- Generated by Oracle SOA Modeler version 1.0 at [12/4/11 2:50 PM]. -->
<composite name="EchoApplication"
           revision="1.0"
           label="2011-12-04_14-50-45_105"
           mode="active"
           state="on"
           xmlns="http://xmlns.oracle.com/sca/1.0"
           xmlns:xs="http://www.w3.org/2001/XMLSchema"
           xmlns:wsp="http://schemas.xmlsoap.org/ws/2004/09/policy"
           xmlns:orawsp="http://schemas.oracle.com/ws/2006/01/policy"
           xmlns:ui="http://xmlns.oracle.com/soa/designer/">
  <import namespace="http://xmlns.oracle.com/SOACookbookSecurity/EchoApplication/Echo"
          location="Echo.wsdl" importType="wsdl"/>
  <service name="EchoService" ui:wsdlLocation="Echo.wsdl">
    <interface.wsdl interface="http://xmlns.oracle.com/SOACookbookSecurity/EchoApplication/Echo#wsdl.interface(echo_ptt)"/>
    <binding.ws port="http://xmlns.oracle.com/SOACookbookSecurity/EchoApplication/Echo#wsdl.endpoint(EchoService/echo_pt)">
      <property name="weblogic.wsee.wsat.transaction.flowOption"
                type="xs:string" many="false">NEVER</property>
    </binding.ws>
  </service>
  <service name="BasicSecurityEchoService" ui:wsdlLocation="Echo.wsdl">
    <interface.wsdl interface="http://xmlns.oracle.com/SOACookbookSecurity/EchoApplication/Echo#wsdl.interface(echo_ptt)"/>
    <binding.ws port="http://xmlns.oracle.com/SOACookbookSecurity/EchoApplication/Echo#wsdl.endpoint(BasicSecurityEchoService/echo_pt)">
      <wsp:PolicyReference URI="cookbook/binding_authorization_Role1s_policy"
                           orawsp:category="security" orawsp:status="enabled"/>
      <wsp:PolicyReference URI="oracle/wss_http_token_service_policy"
                           orawsp:category="security" orawsp:status="enabled"/>
      <property name="weblogic.wsee.wsat.transaction.flowOption"
                type="xs:string" many="false">NEVER</property>
    </binding.ws>
  </service>
  <service name="WSSSecurityEchoService" ui:wsdlLocation="Echo.wsdl">
    <interface.wsdl interface="http://xmlns.oracle.com/SOACookbookSecurity/EchoApplication/Echo#wsdl.interface(echo_ptt)"/>
    <binding.ws port="http://xmlns.oracle.com/SOACookbookSecurity/EchoApplication/Echo#wsdl.endpoint(WSSSecurityEchoService/echo_pt)">
      <wsp:PolicyReference URI="cookbook/binding_authorization_Role1s_policy"
                           orawsp:category="security" orawsp:status="enabled"/>
      <wsp:PolicyReference URI="oracle/wss_saml_or_username_token_service_policy"
                           orawsp:category="security" orawsp:status="enabled"/>
      <property name="weblogic.wsee.wsat.transaction.flowOption"
                type="xs:string" many="false">NEVER</property>
    </binding.ws>
  </service>
  <component name="EchoMediator">
    <implementation.mediator src="EchoMediator.mplan"/>
  </component>
  <wire>
    <source.uri>EchoService</source.uri>
    <target.uri>EchoMediator/EchoMediator</target.uri>
  </wire>
  <wire>
    <source.uri>BasicSecurityEchoService</source.uri>
    <target.uri>EchoMediator/EchoMediator</target.uri>
  </wire>
  <wire>
    <source.uri>WSSSecurityEchoService</source.uri>
    <target.uri>EchoMediator/EchoMediator</target.uri>
  </wire>
</composite>
