<?xml version="1.0" encoding="UTF-8" ?>
<!-- Generated by Oracle SOA Modeler version 1.0 at [9/09/12 11:54 AM]. -->
<composite name="WarehouseService"
           revision="1.0"
           label="2012-09-09_11-54-29_589"
           mode="active"
           state="on"
           xmlns="http://xmlns.oracle.com/sca/1.0"
           xmlns:xs="http://www.w3.org/2001/XMLSchema"
           xmlns:wsp="http://schemas.xmlsoap.org/ws/2004/09/policy"
           xmlns:orawsp="http://schemas.oracle.com/ws/2006/01/policy"
           xmlns:ui="http://xmlns.oracle.com/soa/designer/">
  <import namespace="http://rubiconred.com/ckbk/svc/WarehouseService"
          location="WarehouseService_1.0Wrapper.wsdl" importType="wsdl"/>
  <service name="warehouseservice_client_ep"
           ui:wsdlLocation="WarehouseService_1.0Wrapper.wsdl">
    <interface.wsdl interface="http://rubiconred.com/ckbk/svc/WarehouseService#wsdl.interface(WarehouseService)"/>
    <binding.ws port="http://rubiconred.com/ckbk/svc/WarehouseService#wsdl.endpoint(warehouseservice_client_ep/WarehouseService_pt)"/>
  </service>
  <component name="WarehouseService" version="2.0">
    <implementation.bpel src="WarehouseService.bpel"/>
    <property name="bpel.config.oneWayDeliveryPolicy" type="xs:string"
              many="false">async.persist</property>
    <property name="bpel.config.reenableAggregationOnComplete" type="xs:string"
              many="false" override="may">true</property>
  </component>
  <wire>
    <source.uri>warehouseservice_client_ep</source.uri>
    <target.uri>WarehouseService/warehouseservice_client</target.uri>
  </wire>
</composite>
