<?xml version="1.0" encoding="UTF-8" ?>
<!-- Generated by Oracle SOA Modeler version 1.0 at [16/09/12 4:15 PM]. -->
<composite name="ScheduleParcelTracker"
           revision="1.0"
           label="2012-09-16_16-15-22_581"
           mode="active"
           state="on"
           xmlns="http://xmlns.oracle.com/sca/1.0"
           xmlns:xs="http://www.w3.org/2001/XMLSchema"
           xmlns:wsp="http://schemas.xmlsoap.org/ws/2004/09/policy"
           xmlns:orawsp="http://schemas.oracle.com/ws/2006/01/policy"
           xmlns:ui="http://xmlns.oracle.com/soa/designer/">
  <import namespace="http://rubiconred.com/evs/util.sch.Job"
          location="util.sch.evs.Job.wsdl" importType="wsdl"/>
  <import namespace="http://rubiconred.com/ckbk/svc/ParcelTrackerService"
          location="ParcelTrackerService_1.0Wrapper.wsdl" importType="wsdl"/>
  <import namespace="http://rubiconred.com/evs/util.sch.Job"
          location="util.sch.evs.JobWrapper.wsdl" importType="wsdl"/>
  <service name="scheduleparceltracker_client_ep"
           ui:wsdlLocation="ParcelTrackerService_1.0Wrapper.wsdl">
    <interface.wsdl interface="http://rubiconred.com/ckbk/svc/ParcelTrackerService#wsdl.interface(ParcelTrackerService)"/>
    <binding.ws port="http://rubiconred.com/ckbk/svc/ParcelTrackerService#wsdl.endpoint(scheduleparceltracker_client_ep/ParcelTrackerService_pt)"/>
  </service>
  <component name="ScheduleParcelTracker" version="2.0">
    <implementation.bpel src="ScheduleParcelTracker.bpel"/>
    <property name="bpel.config.oneWayDeliveryPolicy" type="xs:string"
              many="false">async.persist</property>
  </component>
  <reference name="Scheduler" ui:wsdlLocation="util.sch.evs.Job.wsdl">
    <interface.wsdl interface="http://rubiconred.com/evs/util.sch.Job#wsdl.interface(util.sch.evs.Job)"/>
    <binding.ws port="http://rubiconred.com/evs/util.sch.Job#wsdl.endpoint(util.sch.evs.Job/util.sch.evs.Job.Port)"
                location="util.sch.evs.Job.wsdl" soapVersion="1.1">
      <property name="weblogic.wsee.wsat.transaction.flowOption"
                type="xs:string" many="false">WSDLDriven</property>
    </binding.ws>
  </reference>
  <wire>
    <source.uri>scheduleparceltracker_client_ep</source.uri>
    <target.uri>ScheduleParcelTracker/scheduleparceltracker_client</target.uri>
  </wire>
  <wire>
    <source.uri>ScheduleParcelTracker/Scheduler</source.uri>
    <target.uri>Scheduler</target.uri>
  </wire>
</composite>
