<?xml version="1.0" encoding="UTF-8" ?>
<!-- Generated by Oracle SOA Modeler version 1.0 at [1/6/12 7:29 PM]. -->
<composite name="CompensationTest"
           revision="1.0"
           label="2012-01-06_19-29-17_992"
           mode="active"
           state="on"
           xmlns="http://xmlns.oracle.com/sca/1.0"
           xmlns:xs="http://www.w3.org/2001/XMLSchema"
           xmlns:wsp="http://schemas.xmlsoap.org/ws/2004/09/policy"
           xmlns:orawsp="http://schemas.oracle.com/ws/2006/01/policy"
           xmlns:ui="http://xmlns.oracle.com/soa/designer/">
  <import namespace="http://xmlns.oracle.com/pcbpel/adapter/file/SOACookbookTransaction/CompensationTest/FileWriteService"
          location="FileWriteService.wsdl" importType="wsdl"/>
  <import namespace="http://xmlns.oracle.com/SOACookbookTransaction/CompensationTest/CompensationBPELProcess"
          location="CompensationBPELProcess.wsdl" importType="wsdl"/>
  <service name="compensationbpelprocess_client_ep"
           ui:wsdlLocation="CompensationBPELProcess.wsdl">
    <interface.wsdl interface="http://xmlns.oracle.com/SOACookbookTransaction/CompensationTest/CompensationBPELProcess#wsdl.interface(CompensationBPELProcess)"/>
    <binding.ws port="http://xmlns.oracle.com/SOACookbookTransaction/CompensationTest/CompensationBPELProcess#wsdl.endpoint(compensationbpelprocess_client_ep/CompensationBPELProcess_pt)"/>
  </service>
  <component name="CompensationBPELProcess" version="1.1">
    <implementation.bpel src="CompensationBPELProcess.bpel"/>
  </component>
  <reference name="FileWriteService" ui:wsdlLocation="FileWriteService.wsdl">
    <interface.wsdl interface="http://xmlns.oracle.com/pcbpel/adapter/file/SOACookbookTransaction/CompensationTest/FileWriteService#wsdl.interface(Write_ptt)"/>
    <binding.jca config="FileWriteService_file.jca"/>
    <property name="TxWriteDir" type="xs:string" many="false" override="may"></property>
  </reference>
  <wire>
    <source.uri>compensationbpelprocess_client_ep</source.uri>
    <target.uri>CompensationBPELProcess/compensationbpelprocess_client</target.uri>
  </wire>
  <wire>
    <source.uri>CompensationBPELProcess/FileWriteService</source.uri>
    <target.uri>FileWriteService</target.uri>
  </wire>
</composite>
