<?xml version="1.0" encoding="UTF-8"?>
<SOAConfigPlan xmlns:jca="http://platform.integration.oracle/blocks/adapter/fw/metadata" xmlns:wsp="http://schemas.xmlsoap.org/ws/2004/09/policy" xmlns:orawsp="http://schemas.oracle.com/ws/2006/01/policy" xmlns:edl="http://schemas.oracle.com/events/edl" xmlns="http://schemas.oracle.com/soa/configplan">
   <composite name="CompensationTest">
      <!--Add search and replace rules for the import section of a composite
	Example:
	<searchReplace>
		<search>http://my-dev-server</search>
		<replace>http://my-test-server</replace>
	<searchReplace>
	<searchReplace>
		<search>8888</search>
		<replace>8889</replace>
	<searchReplace>-->
      <import>
         <searchReplace>
            <search/>
            <replace/>
         </searchReplace>
      </import>
      <service name="compensationbpelprocess_client_ep">
         <binding type="ws">
            <attribute name="port">
               <replace>http://xmlns.oracle.com/SOACookbookTransaction/CompensationTest/CompensationBPELProcess#wsdl.endpoint(compensationbpelprocess_client_ep/CompensationBPELProcess_pt)</replace>
            </attribute>
         </binding>
      </service>
      <!--Add search and replace rules for the component properties
	For components and service/reference bindings, you can add policy references.
	Example:
	<component name="*">
		<wsp:PolicyReference orawsp:category="management" orawsp:status="enabled" URI="oracle/log_policy"/>
	</component>-->
      <!--Add search and replace rules for the reference properties
	Example:
	<searchReplace>
		<search>http://my-dev-server</search>
		<replace>http://my-test-server</replace>
	<searchReplace>
	<searchReplace>
		<search>8888
		<replace>8889</replace>
	<searchReplace>
	or provide a new replace value like:
	<replace>http://my-new-server:8889/myservice</replace>-->
      <reference name="FileWriteService">
         <property name="TxWriteDir">
            <replace>/home/oracle/TxTest</replace>
         </property>
         <binding type="jca"/>
      </reference>
   </composite>
   <!--To configure monitor.config: 
	<property name="enabled"><replace>true</replace></property>
	<property name="dataObjectsFolder"><searchReplace><search>mydev</search><replace>myproduction</replace></searchReplace></property>
	
	sample properties to configure for file/ftp adapter: 
	<jca:property name="PhysicalDirectory"><replace>c:\temp</replace></jca:property>
	<jca:property name="DeleteFile"><replace>true</replace></jca:property>
	<jca:property name="PollingFrequency"><replace>3</replace></jca:property>
	
	To add search and replace rules for wsdls, xsd and jca files
	Example:
	<searchReplace>
		<search>http://my-dev-server</search>
		<replace>http://my-test-server</replace>
	<searchReplace>
	<searchReplace>
		<search>8888</search>
		<replace>8889</replace>
	<searchReplace>
	-->
   <wsdlAndSchema name="CompensationBPELProcess.wsdl|FileWriteService.wsdl|FileWriteService_file.jca|xsd/CompensationBPELProcess.xsd|xsd/TxFileFormat.xsd">
      <searchReplace>
         <search/>
         <replace/>
      </searchReplace>
   </wsdlAndSchema>
</SOAConfigPlan>
